Student Name,grade,score 1,score 2
Student Name,grade,score 1,score 2
Student Name,grade,score 1,score 2
Student Name,grade,score 1,score 2
Student Name,grade,score 1,score 2
Student Name,grade,score 1,score 2
Student Name,grade,score 1,score 2
Student Name,grade,score 1,score 2
Student Name,grade,score 1,score 2
Student Name,grade,score 1,score 2
Student Name,grade,score 1,score 2
Student Name,grade,score 1,score 2
Student Name,grade,score 1,score 2
Student Name,grade,score 1,score 2
Student Name,grade,score 1,score 2
Student Name,grade,score 1,score 2
Student Name,grade,score 1,score 2
Student Name,grade,score 1,score 2
Student Name,grade,score 1,score 2
Student Name,grade,score 1,score 2
Student Name,grade,score 1,score 2
Student Name,grade,score 1,score 2
Student Name,grade,score 1,score 2
Student Name,grade,score 1,score 2
Student Name,grade,score 1,score 2
Student Name,grade,score 1,score 2
Student Name,grade,score 1,score 2
Student Name,grade,score 1,score 2
Student Name,grade,score 1,score 2
Student Name,grade,score 1,score 2
Student Name,grade,score 1,score 2
Student Name,grade,score 1,score 2
Student Name,grade,score 1,score 2
Student Name,grade,score 1,score 2
Student Name,grade,score 1,score 2
Student Name,grade,score 1,score 2
Student Name,grade,score 1,score 2
Student Name,grade,score 1,score 2
Student Name,grade,score 1,score 2
Student Name,grade,score 1,score 2
Student Name,grade,score 1,score 2
Student Name,grade,score 1,score 2
Student Name,grade,score 1,score 2
Student Name,grade,score 1,score 2
Student Name,grade,score 1,score 2
Student Name,grade,score 1,score 2
Student Name,grade,score 1,score 2
Student Name,grade,score 1,score 2
Student Name,grade,score 1,score 2
Student Name,grade,score 1,score 2
Student Name,grade,score 1,score 2
Student Name,grade,score 1,score 2
Student Name,grade,score 1,score 2
Student Name,grade,score 1,score 2
Student Name,grade,score 1,score 2
Student Name,grade,score 1,score 2
Student Name,grade,score 1,score 2
Student Name,grade,score 1,score 2
Student Name,grade,score 1,score 2
Student Name,grade,score 1,score 2
Student Name,grade,score 1,score 2
Student Name,grade,score 1,score 2
Student Name,grade,score 1,score 2
Student Name,grade,score 1,score 2
Student Name,grade,score 1,score 2
Student Name,grade,score 1,score 2
Student Name,grade,score 1,score 2
Student Name,grade,score 1,score 2
Student Name,grade,score 1,score 2
Student Name,grade,score 1,score 2
Student Name,grade,score 1,score 2
Student Name,grade,score 1,score 2
Student Name,grade,score 1,score 2
Student Name,grade,score 1,score 2
Student Name,grade,score 1,score 2
Student Name,grade,score 1,score 2
Student Name,grade,score 1,score 2
Student Name,grade,score 1,score 2
Student Name,grade,score 1,score 2
Student Name,grade,score 1,score 2
Student Name,grade,score 1,score 2
Student Name,grade,score 1,score 2
Student Name,grade,score 1,score 2
Student Name,grade,score 1,score 2
Student Name,grade,score 1,score 2
Student Name,grade,score 1,score 2
Student Name,grade,score 1,score 2
Student Name,grade,score 1,score 2
Student Name,grade,score 1,score 2
Student Name,grade,score 1,score 2
Student Name,grade,score 1,score 2
Student Name,grade,score 1,score 2
Student Name,grade,score 1,score 2
Student Name,grade,score 1,score 2
Student Name,grade,score 1,score 2
Student Name,grade,score 1,score 2
Student Name,grade,score 1,score 2
Student Name,grade,score 1,score 2
Student Name,grade,score 1,score 2
Student Name,grade,score 1,score 2
Student Name,grade,score 1,score 2
Student Name,grade,score 1,score 2
Student Name,grade,score 1,score 2
Student Name,grade,score 1,score 2
Student Name,grade,score 1,score 2
Student Name,grade,score 1,score 2
Student Name,grade,score 1,score 2
Student Name,grade,score 1,score 2
Student Name,grade,score 1,score 2
Student Name,grade,score 1,score 2
Student Name,grade,score 1,score 2
Student Name,grade,score 1,score 2
Student Name,grade,score 1,score 2
Student Name,grade,score 1,score 2
Student Name,grade,score 1,score 2
Student Name,grade,score 1,score 2
Student Name,grade,score 1,score 2
Student Name,grade,score 1,score 2
Student Name,grade,score 1,score 2
Student Name,grade,score 1,score 2
Student Name,grade,score 1,score 2
Student Name,grade,score 1,score 2
Student Name,grade,score 1,score 2
Student Name,grade,score 1,score 2
Student Name,grade,score 1,score 2
Student Name,grade,score 1,score 2
Student Name,grade,score 1,score 2
Student Name,grade,score 1,score 2
Student Name,grade,score 1,score 2
Student Name,grade,score 1,score 2
Student Name,grade,score 1,score 2
Student Name,grade,score 1,score 2
Student Name,grade,score 1,score 2
Student Name,grade,score 1,score 2
Student Name,grade,score 1,score 2
Student Name,grade,score 1,score 2
Student Name,grade,score 1,score 2
Student Name,grade,score 1,score 2
Student Name,grade,score 1,score 2
Student Name,grade,score 1,score 2
Student Name,grade,score 1,score 2
Student Name,grade,score 1,score 2
Student Name,grade,score 1,score 2
Student Name,grade,score 1,score 2
Student Name,grade,score 1,score 2
Student Name,grade,score 1,score 2
Student Name,grade,score 1,score 2
Student Name,grade,score 1,score 2
Student Name,grade,score 1,score 2
Student Name,grade,score 1,score 2
Student Name,grade,score 1,score 2
Student Name,grade,score 1,score 2
Student Name,grade,score 1,score 2
Student Name,grade,score 1,score 2
Student Name,grade,score 1,score 2
Student Name,grade,score 1,score 2
Student Name,grade,score 1,score 2
Student Name,grade,score 1,score 2
Student Name,grade,score 1,score 2
Student Name,grade,score 1,score 2
Student Name,grade,score 1,score 2
Student Name,grade,score 1,score 2
Student Name,grade,score 1,score 2
Student Name,grade,score 1,score 2
Student Name,grade,score 1,score 2
Student Name,grade,score 1,score 2
Student Name,grade,score 1,score 2
Student Name,grade,score 1,score 2
Student Name,grade,score 1,score 2
Student Name,grade,score 1,score 2
Student Name,grade,score 1,score 2
Student Name,grade,score 1,score 2
Student Name,grade,score 1,score 2
Student Name,grade,score 1,score 2
Student Name,grade,score 1,score 2
Student Name,grade,score 1,score 2
Student Name,grade,score 1,score 2
Student Name,grade,score 1,score 2
Student Name,grade,score 1,score 2
Student Name,grade,score 1,score 2
Student Name,grade,score 1,score 2
Student Name,grade,score 1,score 2
Student Name,grade,score 1,score 2
Student Name,grade,score 1,score 2
Student Name,grade,score 1,score 2
Student Name,grade,score 1,score 2
Student Name,grade,score 1,score 2
Student Name,grade,score 1,score 2
Student Name,grade,score 1,score 2
Student Name,grade,score 1,score 2
Student Name,grade,score 1,score 2
Student Name,grade,score 1,score 2
Student Name,grade,score 1,score 2
Student Name,grade,score 1,score 2